{"loss": [2.6340809537009227], "val_loss": [1.609319298445773], "acc": [0.1996647811413011], "val_acc": [0.5208333337388071]}