{"val_loss": [2.6462782856558458, 1.7850570167813982, 1.3236906828523494, 1.193659249617129, 1.044284911382766, 0.9652833662876467, 1.0308076658216463, 0.8389012347273275, 0.7705120634870465, 0.7019519335558625, 0.6894826049707374, 0.6120242091263233, 0.6210722469148182, 0.6181360689961181, 0.5807965272137908, 0.558208208911273, 0.5739153185669257, 0.8174307159826059, 0.5831264804820625, 0.7529694454199602, 0.5735807333673749, 0.6311661917336133, 0.5883872083255223, 0.5702827102472993, 0.5765288837101995, 0.5780533057491796, 0.5989419282699118, 0.6662403405929098, 0.6430261909556226, 0.6081828053305749, 0.6318811429601138, 0.6969521945836593, 0.6674586047931593, 0.8501406762064719, 0.661197367574082, 0.6555347900812317, 0.6332722188664132, 0.6701187787412786, 0.6505382847623761, 0.7312256162669383, 0.7028123022747689, 0.6862373700758226, 0.6865512278615212, 0.672182540098826, 0.7179774629826449, 0.7396125736690703, 0.7172943499623513, 0.7744091514016496, 0.7081894574522161, 0.7977521808779969], "val_acc": [0.2551020410190634, 0.49404761864214525, 0.6203231296571744, 0.6458333329278596, 0.6981292517006803, 0.7040816326530612, 0.6840986398612561, 0.7461734689822813, 0.7704081628598324, 0.7908163265306123, 0.7920918363292201, 0.8124999995945262, 0.8193027206829616, 0.8252551016353425, 0.8290816322475875, 0.8337585034013606, 0.8375850336081316, 0.7874149659863946, 0.8367346934720773, 0.8035714285714286, 0.8477891160517322, 0.8401360548272425, 0.8516156458530296, 0.8443877555075145, 0.8511904761904762, 0.847363945983705, 0.8405612248952697, 0.809948979186363, 0.8443877551020408, 0.8469387755102041, 0.8405612244897959, 0.8397108843537415, 0.8562925170068028, 0.8120748299319728, 0.8528911568680588, 0.8609693873496282, 0.8524659868000316, 0.8477891156462585, 0.8622448983646575, 0.8405612248952697, 0.8567176866693561, 0.844812925170068, 0.8431122444924855, 0.8528911568680588, 0.8541666662611929, 0.8558673469387755, 0.8575680268054106, 0.85671768707483, 0.8579931968734378, 0.8507653057169752], "acc": [0.09490886239130843, 0.37984496132148127, 0.5663104965680305, 0.6444584120501269, 0.6836371254476391, 0.7089880578127793, 0.7316153360417172, 0.7546616384574959, 0.7986591240656893, 0.822333962031188, 0.8399329561246108, 0.8726168028868246, 0.8912633564170991, 0.9023674839251751, 0.9151477060077227, 0.9199664779311827, 0.9275089041656751, 0.9371464486869406, 0.937984495911737, 0.948250575945259, 0.949298135344647, 0.9620783572149006, 0.9677351770375027, 0.9698302955365695, 0.9754871151468776, 0.9767441860465116, 0.9767441860465116, 0.9792583280955374, 0.9733919966478106, 0.9807249107451752, 0.9815629583071444, 0.983029541169076, 0.9891053845791005, 0.97611565044684, 0.9733919966478106, 0.9834485649687925, 0.9891053842419277, 0.988686360779384, 0.990781479278451, 0.9824010057816984, 0.9872197779174523, 0.9903624556036134, 0.9874292897548711, 0.9953907395767861, 0.9920385501780851, 0.9949717159019484, 0.9928765975277604, 0.9941336685522733, 0.9926670856903415, 0.9935051330400168], "loss": [2.8854497179354657, 2.15627938899858, 1.4895629853091348, 1.2195906339390035, 1.0817794167293635, 0.9599845161758677, 0.8973711004003448, 0.787484763354444, 0.6626543426523662, 0.5751284669773299, 0.5092531859300283, 0.41650558932257625, 0.362636298446967, 0.3198419697699796, 0.27216067085994405, 0.2679206017625674, 0.22281897100492165, 0.1988998236782067, 0.2010007325443561, 0.17362191210733677, 0.16839415179719697, 0.1213638114524592, 0.1152219629930221, 0.09391965321991995, 0.09139239962885722, 0.08408152980219885, 0.07984645399480603, 0.07537548878227618, 0.08528373478397668, 0.06415939262371355, 0.0700222685645892, 0.0594338396438857, 0.043031360630141895, 0.07764189350837286, 0.0909497858337916, 0.05042862815974819, 0.0370916007385173, 0.042716055752179946, 0.035870595255438543, 0.05776565872552683, 0.04549235169124658, 0.029377147408618683, 0.0468149023322147, 0.024471052074108313, 0.02801247881973237, 0.02504353608530996, 0.02773440900464965, 0.022498598875738986, 0.025373373348628814, 0.024253129986813927]}