{"loss": [2.633685298018952, 1.3990077326788783, 1.0614185463125891, 0.7795890025215381, 0.548815251988933, 0.37378937542351093, 0.25586294425425476, 0.21241477698168865, 0.13865665125504695, 0.10870048655058487, 0.08552261014392284, 0.05255514971339026, 0.043323455938026265, 0.0467514870940028, 0.04222292172697738, 0.04483460899065456, 0.046981368843359114, 0.022646251933798645, 0.015348218236623534, 0.017181955534848116, 0.017404209501829047, 0.012170777191549832, 0.01166078325192427, 0.02446553037280797, 0.02208606012925746, 0.019252635741506062, 0.012738377378975261, 0.017103101770170524, 0.01517480693646753, 0.008939698666364201, 0.01251387092890813, 0.014734192885007345, 0.0071462514989191995, 0.008612455540222911, 0.008220168147076108, 0.009391923912108356, 0.014340277262486278, 0.014244373493238413, 0.010537773637524861, 0.008427620478865737, 0.014315266871624665, 0.010635977275724209, 0.014457191462577226, 0.021063066192810138, 0.014335061695286994, 0.019266681924771392, 0.009521940183527887, 0.010131432168480737, 0.02778982398336516, 0.012068375709577661], "val_loss": [1.7054764162115499, 1.1189999353317988, 0.9808737522079831, 0.6984708238215673, 0.5837484139974426, 0.5719512761855612, 0.5895100900916015, 0.5246024508865512, 0.531648380821254, 0.5804601867182725, 0.5424099661866013, 0.5456912290482294, 0.5506166714389308, 0.5604939708093397, 0.6384394801392848, 0.6010537378642024, 0.56148970694769, 0.6400163684572492, 0.6711102857881662, 0.6332988937695821, 0.6320674431567289, 0.6087301997911363, 0.6372551630143406, 0.6094108394214085, 0.5986228463601093, 0.6051286369764886, 0.621458882782735, 0.6609899608456359, 0.6249686013273641, 0.5997834254284294, 0.6488917169927739, 0.5809384191117319, 0.6531241004969798, 0.6082067043602872, 0.6308390854978237, 0.6384479930611695, 0.640268492860859, 0.6109595594762944, 0.7798289157906357, 0.7677786593534508, 0.6398671638397944, 0.6356373976687996, 0.6197258063725063, 0.6224238588696435, 0.5667270012453299, 0.5432557386605918, 0.5884201206317564, 0.6980218502129016, 0.5957379138388601, 0.5855341318513261], "acc": [0.2067881836322726, 0.5958516656815469, 0.6817515191106759, 0.7569662685442241, 0.828619316779116, 0.8826733710829278, 0.9178713597692885, 0.9344227949253748, 0.9545359310678234, 0.9671066416501249, 0.9727634612604329, 0.9817724701445631, 0.985334171380683, 0.985124659668143, 0.9872197780423311, 0.9847056359933054, 0.9849151477058454, 0.9928765975277604, 0.9951812277393672, 0.9939241567148543, 0.994343180389692, 0.9966478106012989, 0.9958097632516237, 0.9916195265032475, 0.9926670856903415, 0.9926670856903415, 0.9949717159019484, 0.9939241568397332, 0.9953907395767861, 0.9962287869264613, 0.9966478106012989, 0.9956002514142049, 0.9974858579509742, 0.9981143934632307, 0.9966478107261778, 0.9966478106012989, 0.995181227864246, 0.9958097632516237, 0.9964382987638801, 0.9974858579509742, 0.9949717159019484, 0.9966478106012989, 0.9960192752139213, 0.9930861093651792, 0.995181227864246, 0.9939241568397332, 0.997695369788393, 0.9968573225635966, 0.9918290383406663, 0.9960192750890425], "val_acc": [0.4927721092490112, 0.6602891156462585, 0.7066326534666982, 0.7865646254448664, 0.8184523813578547, 0.8350340136054422, 0.8418367346938775, 0.8528911568680588, 0.8609693881605758, 0.8605442180925486, 0.873299320133365, 0.8779761900707167, 0.8835034013605442, 0.8784013605442177, 0.8694727887101725, 0.872874149659864, 0.8754251700680272, 0.8796768707482994, 0.8750000004054738, 0.8860544213632338, 0.8835034013605442, 0.8894557823129252, 0.888605441771397, 0.8835034017660179, 0.8818027214939091, 0.8822278915619364, 0.8822278911564626, 0.8839285718340452, 0.8801020408163265, 0.8983843533360228, 0.8835034013605442, 0.8941326526557507, 0.888605441771397, 0.8830782308870432, 0.888605441771397, 0.8877551024462901, 0.891581633058535, 0.8911564621795602, 0.8826530612244898, 0.8767006802721088, 0.8907312925170068, 0.888605441771397, 0.8915816322475875, 0.8881802721088435, 0.8945578235347255, 0.8971088431319412, 0.8975340131999684, 0.8813775510204082, 0.8954081636707799, 0.8881802721088435]}